Chamber,Leaf,Curve,Point,Photo,Ci,Tleaf,VPD,Cond
1,1.5,aci_20,1,1.679745134,342.982733,20.12663555,1.089409869,0.052857108
1,1.5,aci_20,10,4.431767654,1755.283774,20.63277793,1.183173042,0.034089237
1,1.5,aci_20,2,0.628738758,179.4163241,20.10627747,1.093039767,0.056758736
1,1.5,aci_20,3,0.082037702,98.75747754,20.0782876,1.086541996,0.063626648
1,1.5,aci_20,4,-0.300252267,57.60377818,20.07973838,1.096434099,0.069641729
1,1.5,aci_20,5,2.072859686,349.4177713,20.12002468,1.12053341,0.07591836
1,1.5,aci_20,6,2.686204745,529.3781992,20.16706443,1.123524279,0.077431458
1,1.5,aci_20,7,2.765703114,717.2170314,20.25681543,1.140306319,0.069514761
1,1.5,aci_20,8,3.509141989,1069.364677,20.39109516,1.159428758,0.054011254
1,1.5,aci_20,9,3.812301279,1327.387551,20.520015,1.181160892,0.042812744
1,1.5,aci_30,1,1.715437437,330.3511918,30.23667765,2.019260005,0.047948886
1,1.5,aci_30,10,6.231649735,1581.618875,30.17407028,2.152816118,0.029430722
1,1.5,aci_30,2,0.468782515,178.4867309,30.21703506,2.057572432,0.050312812
1,1.5,aci_30,3,-0.172236469,102.1754931,30.20853734,2.046786012,0.054830639
1,1.5,aci_30,4,-0.561558559,64.4755486,30.19112921,2.028683727,0.061661714
1,1.5,aci_30,5,2.209769367,334.5812605,30.18779755,2.015687318,0.068532295
1,1.5,aci_30,6,3.492668095,492.8269493,30.21197391,2.024224711,0.065750133
1,1.5,aci_30,7,4.319706547,652.8550177,30.19219089,2.039120945,0.058805082
1,1.5,aci_30,8,5.024050882,977.5791365,30.18267131,2.078566643,0.046323549
1,1.5,aci_30,9,5.33379111,1182.302745,30.19242144,2.129155341,0.033740624
1,1.5,aci_35,1,2.113519034,298.7723346,35.25540924,2.735241742,0.044896279
1,1.5,aci_35,10,6.896809806,1518.995163,35.25966263,2.939086353,0.031640828
1,1.5,aci_35,2,0.539127595,169.8073696,35.27139854,2.707138589,0.048208622
1,1.5,aci_35,3,-0.345863446,105.7616879,35.26908112,2.663172115,0.052951581
1,1.5,aci_35,4,-0.782705967,70.9617325,35.28566265,2.652919467,0.058877743
1,1.5,aci_35,5,2.478369933,313.7566549,35.29156542,2.656606468,0.064944086
1,1.5,aci_35,6,3.915939722,458.1294565,35.28747654,2.76605274,0.060831582
1,1.5,aci_35,7,4.776144954,607.7756358,35.28669643,2.81123656,0.054437566
1,1.5,aci_35,8,5.91411228,912.931225,35.26497459,2.80344857,0.045765955
1,1.5,aci_35,9,6.495413213,1130.23291,35.23827505,2.864347172,0.038707333
1,1.6,aci_20,1,3.086652205,339.6336949,20.20794869,1.112920473,0.09466092
1,1.6,aci_20,10,6.948208476,1753.301654,20.1835463,1.157787151,0.056185294
1,1.6,aci_20,2,1.351857844,172.5702725,20.18551397,1.115935814,0.094462605
1,1.6,aci_20,3,0.332305563,92.0692081,20.29501271,1.131320409,0.094492351
1,1.6,aci_20,4,-0.236864096,53.99193283,20.63350868,1.182672773,0.094002479
1,1.6,aci_20,5,3.135583689,337.2330057,20.9257853,1.223661883,0.09463706
1,1.6,aci_20,6,4.498513275,495.3752653,21.84956289,1.306424168,0.08634483
1,1.6,aci_20,7,5.293232432,681.9072562,20.69900036,1.185101378,0.087385903
1,1.6,aci_20,8,5.677107785,1054.467869,20.51532507,1.164898916,0.07713784
1,1.6,aci_20,9,6.269222128,1313.124724,20.35852647,1.1600109,0.065486795
1,1.6,aci_30,1,2.363142546,296.7009123,30.12955379,2.049104376,0.043012186
1,1.6,aci_30,10,8.534756456,1588.524318,30.30779338,2.230723125,0.043720338
1,1.6,aci_30,2,0.742050961,167.5092115,30.15828657,2.055900413,0.047382473
1,1.6,aci_30,3,-0.20615379,102.3546465,30.53722334,2.103024592,0.049665055
1,1.6,aci_30,4,-0.660004418,68.74568425,30.37855697,2.09145016,0.05389947
1,1.6,aci_30,5,2.863548858,305.4532007,30.35880971,2.091925165,0.057812302
1,1.6,aci_30,6,4.469917008,456.6674385,30.22125697,2.086104959,0.059999418
1,1.6,aci_30,7,5.692523949,603.3141467,30.4254942,2.144712551,0.055386835
1,1.6,aci_30,8,6.998816804,931.809376,30.37666464,2.175811148,0.051778252
1,1.6,aci_30,9,8.082356379,1158.919381,30.37607098,2.20942689,0.047806023
1,1.6,aci_35,1,2.312006694,287.4437252,35.39221764,2.806609668,0.042287253
1,1.6,aci_35,10,8.813244365,1359.269046,35.31178474,2.835108986,0.027283029
1,1.6,aci_35,2,0.522896707,166.221087,35.36981726,2.782605531,0.038423772
1,1.6,aci_35,3,-0.262384393,106.0818649,35.1978817,2.736978738,0.039944612
1,1.6,aci_35,4,-0.718583879,76.93728452,35.32987118,2.727666292,0.041418125
1,1.6,aci_35,5,2.815338891,270.988632,35.37840366,2.7103451,0.043431666
1,1.6,aci_35,6,4.513670791,389.027679,35.35165262,2.775324059,0.041918789
1,1.6,aci_35,7,5.713196456,509.8735765,35.34723568,2.809537126,0.038218421
1,1.6,aci_35,8,7.261742742,774.8381682,35.34228802,2.762810843,0.033792397
1,1.6,aci_35,9,7.978625358,989.3430867,35.33288622,2.798442947,0.030914562
2,2.2,aci_20,1,1.803748767,336.0281672,20.05541158,1.128607096,0.077575365
2,2.2,aci_20,10,3.995161732,1825.486649,20.03799558,1.165249923,0.047465333
2,2.2,aci_20,2,0.80756821,165.8763727,20.04487205,1.119833341,0.042608604
2,2.2,aci_20,3,0.222253814,92.70302233,20.02544618,1.12190346,0.051910028
2,2.2,aci_20,4,-0.18632684,54.72276321,20.04485178,1.106444314,0.06091475
2,2.2,aci_20,5,2.28049929,339.5776225,20.05700398,1.124921099,0.072538313
2,2.2,aci_20,6,3.027356259,528.0787546,20.0500927,1.113804798,0.08328296
2,2.2,aci_20,7,3.296492141,720.9789542,20.05390287,1.120809422,0.085283255
2,2.2,aci_20,8,3.719031291,1097.038086,20.04850793,1.137875975,0.075700669
2,2.2,aci_20,9,3.977386578,1272.598835,20.04456544,1.153730657,0.064621774
2,2.2,aci_30,1,2.288333242,332.5185836,30.14617872,2.034997819,0.077337721
2,2.2,aci_30,10,6.417414352,1795.174051,30.13695073,2.088595861,0.078525635
2,2.2,aci_30,2,0.798815048,173.7468372,30.14858842,2.032521924,0.076347938
2,2.2,aci_30,3,-0.056787311,97.221655,30.14086127,2.008241405,0.083882899
2,2.2,aci_30,4,-0.582399058,59.13283794,30.13290548,1.978109699,0.094416736
2,2.2,aci_30,5,2.752053684,343.6190972,30.14083624,2.073117756,0.107059904
2,2.2,aci_30,6,3.973881373,516.0264461,30.14050055,2.025763925,0.104678009
2,2.2,aci_30,7,4.762343464,696.9066822,30.13928008,2.027411233,0.103663394
2,2.2,aci_30,8,5.477636596,1064.655107,30.15392017,2.043755846,0.097123401
2,2.2,aci_30,9,5.857096533,1336.483308,30.1473589,2.066024748,0.087586115
2,2.2,aci_35,1,2.294034642,324.3128997,35.18526077,2.842431218,0.069772309
2,2.2,aci_35,10,7.121273481,1614.861421,35.19233847,2.944942852,0.04429723
2,2.2,aci_35,2,0.609358356,174.8528318,35.18841219,2.831594403,0.070060239
2,2.2,aci_35,3,-0.26646426,100.4631522,35.18000937,2.798552717,0.074244456
2,2.2,aci_35,4,-0.762905491,63.80825052,35.16773415,2.760124055,0.079973857
2,2.2,aci_35,5,2.53301366,327.9893578,35.17217017,2.755220258,0.080809654
2,2.2,aci_35,6,3.960393445,479.4039381,35.17412758,2.78370884,0.074452632
2,2.2,aci_35,7,4.874184463,638.8807394,35.17763472,2.805627824,0.06890761
2,2.2,aci_35,8,5.986463845,968.4455091,35.1671896,2.844035018,0.061004642
2,2.2,aci_35,9,6.648579703,1202.18006,35.17445087,2.897202742,0.051879626
2,2.6,aci_20,1,2.287888803,330.9418617,20.32727432,1.117491618,0.079469077
2,2.6,aci_20,10,4.563597178,1816.985188,20.27648711,1.143536457,0.05045377
2,2.6,aci_20,2,0.698608935,180.3593084,20.01101351,1.090879222,0.077367007
2,2.6,aci_20,3,0.083165247,97.31815549,20.16799593,1.099211038,0.074595991
2,2.6,aci_20,4,-0.296146357,58.10065718,20.18164301,1.095170525,0.075703677
2,2.6,aci_20,5,2.017270318,345.8134507,20.18955421,1.108134658,0.077780672
2,2.6,aci_20,6,2.916569762,524.6978473,20.20925355,1.109704939,0.082208223
2,2.6,aci_20,7,3.166206629,717.7883479,20.22868633,1.115930857,0.082133462
2,2.6,aci_20,8,3.564056808,1094.870259,20.27015042,1.13316458,0.071126642
2,2.6,aci_20,9,4.14170752,1359.296251,20.26951194,1.148275789,0.060320124
2,2.6,aci_30,1,2.105811471,316.0484656,30.40854001,2.081270275,0.049104781
2,2.6,aci_30,10,4.287605584,1728.713249,30.37657452,2.116877675,0.037159933
2,2.6,aci_30,2,0.738015205,164.8387917,30.48615646,2.103041053,0.044287711
2,2.6,aci_30,3,-0.034366927,97.77172144,30.48584843,2.10764153,0.04361227
2,2.6,aci_30,4,-0.398913677,63.90386065,30.44287729,2.103589621,0.045001256
2,2.6,aci_30,5,2.094152786,309.3876701,30.44484639,2.108547874,0.047100951
2,2.6,aci_30,6,2.370421238,505.9013584,30.43003011,2.061015506,0.052449222
2,2.6,aci_30,7,3.179636886,650.8614656,30.41468692,2.078020956,0.047110103
2,2.6,aci_30,8,3.575513556,1017.149822,30.36196685,2.083694423,0.044755521
2,2.6,aci_30,9,3.757318387,1286.944732,30.37007594,2.098250784,0.041299757
2,2.6,aci_35,1,2.426579276,330.5705263,35.28255033,2.789484573,0.081465638
2,2.6,aci_35,10,4.852853167,1757.703083,35.33589125,2.930154278,0.062712547
2,2.6,aci_35,2,0.866059554,171.5147367,35.29805088,2.798727681,0.081738159
2,2.6,aci_35,3,-0.056500908,95.47968638,35.31335831,2.806266579,0.082288183
2,2.6,aci_35,4,-0.580309049,59.43841465,35.38267136,2.822022341,0.082225848
2,2.6,aci_35,5,2.460433276,330.4992563,35.38264465,2.830809783,0.082146774
2,2.6,aci_35,6,3.442917012,496.9220804,35.39291668,2.843458581,0.07964007
2,2.6,aci_35,7,3.905369825,674.6925271,35.36856127,2.855927961,0.077239354
2,2.6,aci_35,8,4.25652748,1039.223983,35.36297607,2.862598587,0.073420577
2,2.6,aci_35,9,4.487088998,1309.280939,35.33335066,2.890910193,0.06886345
2,2.8,aci_20,1,1.454903117,332.0452946,20.31987262,1.108896269,0.036947385
2,2.8,aci_20,10,5.123951347,1633.597831,20.3329525,1.137143276,0.026494155
2,2.8,aci_20,2,0.510950109,175.9474608,20.38964963,1.113000439,0.039749244
2,2.8,aci_20,3,0.047078416,97.01249888,20.52869988,1.123097752,0.045410962
2,2.8,aci_20,4,-0.283226171,57.45552488,20.6545341,1.12780426,0.055913646
2,2.8,aci_20,5,2.21126226,339.6316484,20.80429292,1.141399836,0.067737327
2,2.8,aci_20,6,3.152113083,507.1786047,20.97745514,1.181774776,0.06288221
2,2.8,aci_20,7,3.461355059,668.9442659,21.10245848,1.228861085,0.049479402
2,2.8,aci_20,8,3.711210716,956.1392183,20.24107337,1.094308746,0.033502412
2,2.8,aci_20,9,4.280462854,1218.418006,20.2593503,1.119918317,0.030592116
2,2.8,aci_30,1,2.098946569,275.704033,30.15223145,2.011478506,0.038697292
2,2.8,aci_30,10,5.409061121,1342.684048,30.22836614,2.15593238,0.021847712
2,2.8,aci_30,2,0.727271975,156.7879055,30.16959524,1.99787735,0.043285209
2,2.8,aci_30,3,-0.060132631,97.81713152,30.14805436,1.983174866,0.050967674
2,2.8,aci_30,4,-0.453430399,64.79638435,30.13714504,1.986238955,0.058839285
2,2.8,aci_30,5,2.387633401,303.9293193,30.15388751,1.988933092,0.062508291
2,2.8,aci_30,6,3.330623952,439.6188029,30.23525643,2.057798998,0.05444829
2,2.8,aci_30,7,3.940628265,569.3970272,30.20295429,2.086938067,0.047754079
2,2.8,aci_30,8,4.650189578,841.5576279,30.20201874,2.10570604,0.040307568
2,2.8,aci_30,9,4.685486689,1025.466474,30.21080852,2.125921994,0.031245107
2,2.8,aci_35,1,2.386856161,311.5456761,35.26867008,2.701829239,0.063671023
2,2.8,aci_35,10,7.2325413,1564.497999,35.22917223,2.948197978,0.038138327
2,2.8,aci_35,2,0.7936882,168.8935764,35.26671267,2.683476537,0.07089312
2,2.8,aci_35,3,-0.173638828,97.78200371,35.25938177,2.658841765,0.07862359
2,2.8,aci_35,4,-0.674672424,62.24744557,35.2590313,2.613020782,0.084028912
2,2.8,aci_35,5,2.572753683,325.6575122,35.25794935,2.719858407,0.083681698
2,2.8,aci_35,6,4.001519325,473.0513165,35.25099039,2.794520868,0.072780913
2,2.8,aci_35,7,4.87904669,627.4779917,35.23456812,2.86215244,0.06392906
2,2.8,aci_35,8,5.832278612,954.8315954,35.23582888,2.892254143,0.054983555
2,2.8,aci_35,9,6.470512065,1178.271305,35.23369932,2.882448922,0.046281136
3,3.3,aci_20,1,2.949272466,365.3333549,20.46685767,1.119621343,0.184048855
3,3.3,aci_20,10,4.958174172,1890.948912,20.99153757,1.144718722,0.12913862
3,3.3,aci_20,2,1.465519673,182.3947046,20.42498112,1.168407074,0.183229234
3,3.3,aci_20,3,0.107688664,94.72019938,20.49880099,1.15976227,0.185565392
3,3.3,aci_20,4,-0.306090252,51.31241182,20.68456268,1.155430873,0.190418721
3,3.3,aci_20,5,2.854260176,367.4611936,20.93275285,1.172705004,0.18804407
3,3.3,aci_20,6,3.433219932,551.1101693,20.29357552,1.140939983,0.165690319
3,3.3,aci_20,7,3.637278645,744.5348672,20.30873919,1.139554685,0.162535833
3,3.3,aci_20,8,3.911179644,1131.598941,20.35123754,1.125591368,0.154832749
3,3.3,aci_20,9,4.319802961,1416.158156,20.64016771,1.151779244,0.140301523
3,3.3,aci_30,1,2.346428095,305.0224563,30.2611134,2.02589011,0.046975443
3,3.3,aci_30,10,5.933887348,1629.644661,30.27392411,2.146897721,0.031898011
3,3.3,aci_30,2,0.803617877,164.5080905,30.30533838,2.024998838,0.046569581
3,3.3,aci_30,3,-0.077915383,98.37995487,30.26077223,2.010695832,0.047870251
3,3.3,aci_30,4,-0.473897068,63.68355181,30.24067903,1.99626416,0.05140795
3,3.3,aci_30,5,2.665824716,309.6525408,30.2634964,1.993438993,0.05565893
3,3.3,aci_30,6,3.815477747,468.7163593,30.27177,2.063618816,0.056405671
3,3.3,aci_30,7,4.399760739,633.3204772,30.27482987,2.080336785,0.051081243
3,3.3,aci_30,8,5.068486127,975.5614151,30.24047518,2.09888233,0.044885847
3,3.3,aci_30,9,4.896574375,1256.289967,30.260988,2.113983216,0.042928424
3,3.3,aci_35,1,2.171379624,281.0568348,35.24520636,2.815950151,0.040823965
3,3.3,aci_35,10,7.922025845,1300.34157,35.26132822,2.971547262,0.022639938
3,3.3,aci_35,2,0.631226123,163.7783915,35.25198794,2.779861494,0.043788978
3,3.3,aci_35,3,-0.261140661,105.0737019,35.25637722,2.705587821,0.049770048
3,3.3,aci_35,4,-0.719820932,73.65571415,35.23483563,2.635739405,0.055386841
3,3.3,aci_35,5,2.852349268,282.1808204,35.26315212,2.720869668,0.054352422
3,3.3,aci_35,6,4.394036602,394.0160463,35.27217293,2.808194297,0.044074745
3,3.3,aci_35,7,5.378921499,511.3132501,35.28829575,2.822866468,0.037679092
3,3.3,aci_35,8,6.721229181,798.8500536,35.24147034,2.832168107,0.03426552
3,3.5,aci_35,9,7.034597402,986.3327415,35.25658751,2.927928561,0.027598365
3,3.5,aci_20,1,3.777706501,358.9029617,20.59687281,1.108392596,0.190503929
3,3.5,aci_20,10,4.784177957,1895.505527,20.57924437,1.153557157,0.132123392
3,3.5,aci_20,2,1.733203913,179.5466385,20.50528336,1.11317908,0.18081832
3,3.5,aci_20,3,0.493232567,93.98153661,20.48182058,1.111058036,0.175909074
3,3.5,aci_20,4,-0.244450069,51.48930512,20.45726991,1.116732177,0.173885261
3,3.5,aci_20,5,3.529626275,358.5904708,20.48230648,1.118969293,0.172931688
3,3.5,aci_20,6,3.378516239,554.3938472,20.52395392,1.119941702,0.171380135
3,3.5,aci_20,7,3.455597435,748.8189044,20.52356076,1.1317249,0.164280273
3,3.5,aci_20,8,3.583560878,1138.572081,20.51808596,1.138958598,0.154330787
3,3.5,aci_20,9,4.19954144,1421.854376,20.57064104,1.142180059,0.144288743
3,3.5,aci_30,1,3.242310118,277.9482781,30.23410797,2.005805702,0.048855202
3,3.5,aci_30,10,5.374371163,1739.509609,30.24784303,2.105842497,0.047796957
3,3.5,aci_30,2,1.25825309,152.9535422,30.24580622,1.999886189,0.050960037
3,3.5,aci_30,3,0.151177489,91.69367572,30.24280763,1.98862106,0.05428867
3,3.5,aci_30,4,-0.477018974,61.86515235,30.26842785,1.970444234,0.058680926
3,3.5,aci_30,5,3.597064155,295.6630829,30.23949099,1.961513574,0.063652828
3,3.5,aci_30,6,4.325508235,470.8074834,30.24027944,1.956426304,0.064743369
3,3.5,aci_30,7,4.386605257,657.5616147,30.24749255,2.011741853,0.062717887
3,3.5,aci_30,8,5.153154099,1110.460956,30.25366402,2.080942752,0.05795915
3,3.5,aci_30,9,4.976383288,1290.662351,30.25248337,2.090914294,0.053080368
3,3.5,aci_35,1,3.356278865,217.4124887,35.42780972,2.823542072,0.035973857
3,3.5,aci_35,10,7.491222625,1432.319021,35.33742619,2.860088998,0.033062337
3,3.5,aci_35,2,1.217504578,133.802455,35.41638327,2.788916997,0.038612354
3,3.5,aci_35,3,0.029164113,92.59674096,35.41337061,2.71838088,0.04417285
3,3.5,aci_35,4,-0.569902902,67.24289327,35.37590456,2.694845495,0.048935826
3,3.5,aci_35,5,3.69780822,258.7134816,35.3570385,2.799537866,0.051504701
3,3.5,aci_35,6,5.064989839,370.3814616,35.36928892,2.865893391,0.043758279
3,3.5,aci_35,7,5.755335203,501.6375585,35.35691786,2.853129294,0.040488764
3,3.5,aci_35,8,6.375459487,803.4786604,35.34774876,2.816860204,0.037670701
3,3.5,aci_35,9,6.815378874,1032.200573,35.33720255,2.838278026,0.035523865
4,4.1,aci_20,1,2.978973432,330.3566784,21.21282911,1.191804555,0.079775784
4,4.1,aci_20,10,4.774485896,1837.81852,21.77624798,1.297688188,0.068263899
4,4.1,aci_20,2,1.303764139,169.2514729,20.99642253,1.166922733,0.080338153
4,4.1,aci_20,3,0.266831574,92.51709357,20.64845347,1.136722093,0.085593806
4,4.1,aci_20,4,-0.219234956,53.72825455,21.71359301,1.231076573,0.078519247
4,4.1,aci_20,5,2.873151084,347.9434951,20.51240754,1.127022428,0.105098713
4,4.1,aci_20,6,3.331661494,544.9005348,19.77466178,1.093440971,0.129041539
4,4.1,aci_20,7,3.611324232,730.2772681,20.72816157,1.18689637,0.1104851
4,4.1,aci_20,8,3.824316308,1110.629178,21.02922297,1.22617031,0.098892864
4,4.1,aci_20,9,4.238826206,1341.822364,23.85962558,1.464947255,0.067268939
4,4.1,aci_30,1,3.325136831,319.9196914,30.3215971,2.094119752,0.081902344
4,4.1,aci_30,10,5.562184599,1788.95545,30.22017551,2.168933959,0.067310597
4,4.1,aci_30,2,1.348608875,165.554545,30.21690559,2.070875257,0.082334936
4,4.1,aci_30,3,0.057375583,95.27551262,30.15567112,2.04564266,0.086327719
4,4.1,aci_30,4,-0.457404273,57.40696973,30.67262244,2.089594346,0.086730083
4,4.1,aci_30,5,3.416599531,325.9484655,30.47399545,2.051651568,0.092638608
4,4.1,aci_30,6,4.386774101,496.3282819,30.3609674,2.056036414,0.087351181
4,4.1,aci_30,7,4.683831462,677.3876419,30.47893071,2.105067745,0.082046812
4,4.1,aci_30,8,4.791805953,1056.941607,30.30891562,2.112649702,0.078806641
4,4.1,aci_30,9,5.175175892,1328.110013,30.30029368,2.146000949,0.072246588
4,4.1,aci_35,1,2.853766354,225.7466737,36.02258396,2.874771486,0.03297894
4,4.1,aci_35,10,6.85283475,1331.245582,35.52784634,3.092480356,0.026973773
4,4.1,aci_35,2,1.040095971,135.896857,35.66358566,2.809759099,0.035636765
4,4.1,aci_35,3,0.016255866,92.29718865,35.63060951,2.743921573,0.040713342
4,4.1,aci_35,4,-0.553474036,70.31694977,35.80725193,2.714571041,0.044321267
4,4.1,aci_35,5,3.369052288,241.3927675,36.04969406,2.79931575,0.046210551
4,4.1,aci_35,6,4.620506395,381.7241226,35.68447685,2.832608666,0.046799598
4,4.1,aci_35,7,5.283839326,524.7800588,35.65412664,2.885307234,0.04312906
4,4.1,aci_35,8,5.79132486,842.8058993,35.49587774,2.931919706,0.03925244
4,4.1,aci_35,9,6.241444667,1012.702948,35.52725411,3.002355561,0.032282249
4,4.3,aci_20,1,2.675147487,294.794181,20.42820263,1.167315993,0.048987037
4,4.3,aci_20,10,4.268305957,1706.241911,20.38202953,1.100958686,0.028228371
4,4.3,aci_20,2,0.749028162,158.7986969,20.34413624,1.161476562,0.036961844
4,4.3,aci_20,3,-0.055998083,102.7312806,20.32518745,1.164893468,0.025433117
4,4.3,aci_20,4,-0.309465596,77.74266117,21.07289529,1.213010786,0.019512638
4,4.3,aci_20,5,1.154714188,269.1209141,21.17677188,1.21781531,0.017349864
4,4.3,aci_20,6,1.83028925,402.0500559,21.26297688,1.211527131,0.017133479
4,4.3,aci_20,7,2.754853894,542.3413789,21.28499031,1.200839488,0.018930712
4,4.3,aci_20,8,3.454433818,920.5341483,21.17585301,1.16889421,0.021568034
4,4.3,aci_20,9,4.016510489,1165.301989,21.72888017,1.190696891,0.021200352
4,4.3,aci_30,1,1.754704115,256.554678,30.46815801,2.085737425,0.02214638
4,4.3,aci_30,10,7.003302413,1651.76077,30.52660847,2.098514291,0.043384508
4,4.3,aci_30,2,0.59969885,156.0385462,30.48566032,2.071005367,0.024275492
4,4.3,aci_30,3,-0.021688997,102.308619,30.47996259,2.024373612,0.030603551
4,4.3,aci_30,4,-0.460676814,72.1374145,30.41979408,1.960493886,0.03870959
4,4.3,aci_30,5,3.575725902,249.8316733,30.48009872,1.946047629,0.047752464
4,4.3,aci_30,6,5.184484731,395.2421625,30.49531889,2.003706454,0.051882874
4,4.3,aci_30,7,5.888473382,560.2153845,30.56522155,2.013561374,0.050993627
4,4.3,aci_30,8,6.030562665,943.3371176,30.57270599,2.073552168,0.050101617
4,4.3,aci_30,9,6.528628802,1205.657243,30.54669952,2.082534381,0.047444222
4,4.3,aci_35,1,2.910542888,254.5427541,35.32972288,2.886109669,0.045972606
4,4.3,aci_35,10,6.035516081,1363.98473,35.51721048,3.06782726,0.027223305
4,4.3,aci_35,2,0.873001396,157.3366168,34.51528025,2.777280075,0.050261244
4,4.3,aci_35,3,-0.110047534,102.5684281,34.61683273,2.777245162,0.05167638
4,4.3,aci_35,4,-0.60514681,72.4973957,34.73237896,2.759880965,0.055365755
4,4.3,aci_35,5,3.666193106,267.3286,34.67203379,2.692966094,0.061282236
4,4.3,aci_35,6,5.239776976,385.5989013,34.73694229,2.738324542,0.053858746
4,4.3,aci_35,7,5.592433232,496.9265257,35.10964108,2.872982899,0.043730417
4,4.3,aci_35,8,5.658230115,761.7155361,35.65042877,3.017793384,0.033885206
4,4.3,aci_35,9,5.533030892,1004.93479,35.067626,2.969142559,0.033223666
4,4.7,aci_20,1,2.704490978,346.1850389,19.96771002,1.113212844,0.098813663
4,4.7,aci_20,10,2.9687046,1900.779662,19.99835849,1.211128896,0.088233539
4,4.7,aci_20,2,1.405977459,171.793829,19.96428299,1.125977922,0.09649408
4,4.7,aci_20,3,0.36968439,92.12723652,19.97257757,1.140312111,0.094299867
4,4.7,aci_20,4,-0.237543735,53.60983046,19.95395827,1.150343487,0.095368689
4,4.7,aci_20,5,2.413697774,351.0286787,19.97247314,1.159518129,0.098529993
4,4.7,aci_20,6,2.461212939,547.1369178,19.96043968,1.15937192,0.101912303
4,4.7,aci_20,7,2.496289964,742.0593496,20.00485826,1.173665319,0.101263304
4,4.7,aci_20,8,2.484884928,1133.203443,19.97013712,1.187832453,0.099501845
4,4.7,aci_20,9,2.595244366,1422.224581,19.99443817,1.205461207,0.094754705
4,4.7,aci_30,1,3.647029459,296.2464603,31.28220868,2.178520564,0.067593756
4,4.7,aci_30,10,5.962193379,1745.898772,30.47887683,2.15972051,0.056152584
4,4.7,aci_30,2,1.263376745,163.8086651,30.18019986,2.041076704,0.072156295
4,4.7,aci_30,3,0.035622286,94.94182073,30.26513362,2.084397255,0.0713285
4,4.7,aci_30,4,-0.52605628,59.96692924,29.92714119,2.028251673,0.079034626
4,4.7,aci_30,5,3.631660919,308.2116336,30.55790496,2.084066663,0.075697073
4,4.7,aci_30,6,4.737775395,475.7800321,30.3906846,2.114391444,0.075341908
4,4.7,aci_30,7,4.875062878,605.9423359,33.60295749,2.553298902,0.052836618
4,4.7,aci_30,8,5.262526346,1022.699305,30.4171536,2.131016211,0.066219706
4,4.7,aci_30,9,5.501757892,1295.77987,30.34515214,2.130761077,0.062232663
4,4.7,aci_35,1,3.362670294,281.429286,35.62597227,2.901127796,0.058903715
4,4.7,aci_35,10,5.9480917,1617.916745,35.45432758,3.125571066,0.039437639
4,4.7,aci_35,2,1.196694226,156.8413802,35.40398026,2.872728824,0.061821451
4,4.7,aci_35,3,-0.08609622,96.6959854,35.52667236,2.895809785,0.062773223
4,4.7,aci_35,4,-0.726848851,65.67019662,35.287467,2.857543856,0.066664983
4,4.7,aci_35,5,3.44423697,296.2797353,35.27742243,2.86900799,0.067942038
4,4.7,aci_35,6,4.651744667,485.8379921,32.70939684,2.525961555,0.087883209
4,4.7,aci_35,7,5.408207296,597.5606041,34.99697065,2.943759854,0.054604717
4,4.7,aci_35,8,5.649357916,933.1583163,35.6277175,3.080121987,0.047224312
4,4.7,aci_35,9,5.701970457,1221.171681,34.64768076,2.964331519,0.046865266
1,1.4,aci_20,1,1.583955777,352.61127,20.17694982,1.125590479,0.083428855
1,1.4,aci_20,10,4.112824228,1799.510183,20.16814105,1.176714783,0.064656226
1,1.4,aci_20,2,0.581649479,184.3449319,20.15397835,1.13334656,0.080298427
1,1.4,aci_20,3,-0.013216807,102.8781319,20.13909276,1.142303942,0.077232053
1,1.4,aci_20,4,-0.400584473,63.99253519,20.13587379,1.151346044,0.07644952
1,1.4,aci_20,5,1.889723521,339.8515014,20.14641063,1.159589649,0.075898188
1,1.4,aci_20,6,2.512455072,509.6326594,20.15868759,1.165736842,0.075178107
1,1.4,aci_20,7,2.896648564,690.8305883,20.16226069,1.172879362,0.075028952
1,1.4,aci_20,8,3.228220286,1069.900868,20.15741221,1.182623976,0.07372022
1,1.4,aci_20,9,3.465890907,1348.00447,20.14330419,1.165007783,0.070842269
1,1.4,aci_30,1,2.069994791,345.9846102,30.17518807,2.069111664,0.093015516
1,1.4,aci_30,10,6.142647493,1775.195851,30.17641259,2.145697759,0.068088687
1,1.4,aci_30,2,0.529298515,181.6962116,30.18029595,2.084327384,0.085828977
1,1.4,aci_30,3,-0.406532104,103.4419523,30.18252659,2.112436642,0.090049796
1,1.4,aci_30,4,-0.820695444,63.19414131,30.17713929,2.077955847,0.094181103
1,1.4,aci_30,5,2.351331304,347.9287888,30.17236233,2.055376546,0.103240877
1,1.4,aci_30,6,4.040438338,517.4759637,30.19105721,2.043235355,0.108253202
1,1.4,aci_30,7,4.279146629,698.4922966,30.1772604,2.053180681,0.100292235
1,1.4,aci_30,8,5.095293706,1058.052118,30.17776203,2.083393771,0.087911335
1,1.4,aci_30,9,5.659362769,1321.094666,30.17154694,2.114527255,0.077723136
3,3.4,aci_20,1,1.039173441,281.7281377,20.18553798,1.1137855,0.012456075
3,3.4,aci_20,10,2.839540503,1784.81307,20.18662961,1.094082859,0.031856987
3,3.4,aci_20,2,0.069342626,190.0851563,20.18426705,1.110645613,0.011974671
3,3.4,aci_20,3,-0.17634953,124.2297921,20.18355369,1.10804409,0.012272673
3,3.4,aci_20,4,-0.363564905,94.71145802,20.1843071,1.105089038,0.013231097
3,3.4,aci_20,5,1.195601895,265.0733141,20.17828941,1.105451014,0.014756653
3,3.4,aci_20,6,2.133311279,382.963895,20.19107437,1.104270921,0.016673363
3,3.4,aci_20,7,2.776309374,548.431813,20.18334516,1.104320536,0.019007678
3,3.4,aci_20,8,3.043249228,960.4975337,20.18211047,1.101126901,0.022399166
3,3.4,aci_20,9,3.388150989,1256.288938,20.18506241,1.100027071,0.025121675
3,3.4,aci_30,1,3.623826388,323.452735,30.16568692,2.014347552,0.110638292
3,3.4,aci_30,10,6.732770916,1716.072132,30.16675886,2.102902014,0.052548123
3,3.4,aci_30,2,1.290773291,169.6712585,30.15971247,2.030597471,0.107655226
3,3.4,aci_30,3,-0.065186479,97.38119116,30.15378444,2.029318609,0.105295397
3,3.4,aci_30,4,-0.712219772,60.46795326,30.1496385,2.023937926,0.105367578
3,3.4,aci_30,5,3.77895766,323.2506914,30.16497357,2.042761536,0.107571875
3,3.4,aci_30,6,5.030688404,493.2932787,30.16350174,2.048577947,0.104113235
3,3.4,aci_30,7,5.518061056,669.9815562,30.15899722,2.069133334,0.096774079
3,3.4,aci_30,8,6.121688626,1024.771226,30.159235,2.089571351,0.079444811
3,3.4,aci_30,9,6.324726916,1280.918263,30.1553065,2.094094137,0.063765504
3,3.4,aci_35,1,2.970854702,297.5615704,35.25640615,2.793836479,0.063905532
3,3.4,aci_35,10,7.036541191,1142.862666,35.22423681,3.05364111,0.015036277
3,3.4,aci_35,2,0.687908886,168.5504086,35.24645615,2.816781603,0.0586884
3,3.4,aci_35,3,-0.405215203,106.5459562,35.24554316,2.824894636,0.056082318
3,3.4,aci_35,4,-0.991757216,76.53386913,35.25306193,2.818203448,0.057564308
3,3.4,aci_35,5,3.043339742,291.4139471,35.25910568,2.818965716,0.058081768
3,3.4,aci_35,6,4.241723416,399.4505299,35.24831009,2.901991224,0.042184519
3,3.4,aci_35,7,4.515437244,498.3759498,35.2236913,2.967123951,0.029204635
3,3.4,aci_35,8,5.703293748,711.1677153,35.22874324,2.99746833,0.022296959
3,3.4,aci_35,9,6.051982811,847.9464702,35.23262787,3.035498879,0.017179668
1,1.4,aci_35,1,2.599905334,340.0684951,35.36584711,2.720809384,0.108114405
1,1.4,aci_35,2,0.841311207,176.2355897,35.35349179,2.718780601,0.106652311
1,1.4,aci_35,3,-0.217337778,97.92128495,35.36157513,2.715699632,0.106457287
1,1.4,aci_35,4,-0.745539692,59.37527288,35.36961174,2.712097536,0.107395462
1,1.4,aci_35,5,2.60971585,340.6243755,35.36199903,2.71534473,0.107591374
1,1.4,aci_35,6,4.169342785,598.6493464,35.36431885,2.731315523,0.103797634
1,1.4,aci_35,7,4.902656299,866.4808123,35.38220644,2.755050725,0.097710103
1,1.4,aci_35,8,5.459921964,1181.495891,35.35782242,2.778943165,0.090628266
1,1.4,aci_35,9,5.959740903,1538.213585,35.33252954,2.811836758,0.081003423
1,1.4,aci_35,10,6.669348347,1707.699221,35.27937126,2.915251265,0.056620566
